id,title,
2,Mahindra Flyte,KA03HH1035
3,Honda Activa - 110 CC,KA01EN1808
13,YAMAHA FZS - Limited Edition,KA03HF4960
14,Mahindra Gusto,KA03HY6498
15,PULSAR 180 - Bajaj,KA03HE1180
16,YAMAHA - FZ,KA03HG1780
17,PHOENIX - TVS,KA03HS9156
18,Karizma - Hero Honda,KA04HG6980
19,Karizma - Hero Honda,KA50L7118
20,FAZER - Yamaha,KA01HC2915
21,PULSAR 150 - Bajaj,KA04HS7950
22,TVS Apache RTR 160,KA03HR0559
23,Splendor - Hero Honda,KA03HM6592
24,FAZER - Yamaha,KA01EY8882
25,Pulsar 135 - Bajaj,KA51Y4703
26,Honda Activa - 110 CC,KA53K6150
27,Mahindra Flyte,KA01EH5847
28,Mahindra Flyte,KA01EJ6965
29,Suzuki Access 125,KA03HV4486
30,Mahindra Flyte,KA51S1916
31,Honda Activa,KA08K0972
32,Mahindra Flyte,KA03HA9277
33,Mahindra Flyte,KA03HB1885
34,Mahindra Flyte,KA03HB2085
35,Mahindra Flyte,KA03HB0794
36,Mahindra Flyte,KA03HC6942
37,Mahindra Flyte,KA53K8150
48,Honda Activa,KA53L8357
49,Honda Activa,KA51X8905
50,Mahindra Flyte,KA03HB0230
51,Honda Activa,KA03EG6694
52,Mahindra Flyte,KA53Q1831
53,Honda Activa,KA03EY7690
54,Honda Activa,KA03EM2416
55,Honda Activa,KA03ES4969
56,Honda Activa,KA03HH0400
57,Honda Activa,KA04EY2690
58,Mahinda Flyte,KA03HH1037
59,Mahindra Flyte,KA05HE6973
60,Mahindra Flyte,KA05HE6974
61,Mahindra Flyte,KA05HF1438
62,Mahidnra Flyte,KA04EW4369
63,Mahindra Flyte,KA03HD1010
64,Mahindra Flyte,KA03HD0197
65,Mahindra Flyte,KA03HC2323
66,Mahindra Flyte,KA03HB8447
67,Mahindra Flyte,KA03HB8312
68,Mahindra Flyte,KA03HB5410
69,Royal Enfield Bullet Classic 350,
70,Bajaj Avenger,
